x1,x2,x3,y
2.351229945905575,2.9022323750458363,2.457984957387801,0.0
3.076944739415689,2.8344285608954145,1.8344401700148516,0.0
3.116672090781977,3.542658301102083,1.6680314781120051,0.0
2.3836478860205044,2.6723142068904835,1.6706793330501317,0.0
2.1710931630156436,1.6471065646922143,0.7802989036404331,0.0
1.602402675097079,2.283820246614761,2.2222064198479026,0.0
1.357930018718306,2.0013504756909546,3.036370183342146,0.0
1.840352046894759,3.047749651456184,0.9925508960452307,0.0
1.615063283927435,3.0784341153706194,1.1861246363025262,0.0
2.2656586164505725,2.5752843093154087,1.7937413714914419,1.0
1.5745291742078091,4.309758464910177,1.9904560208606081,0.0
1.2520854296001602,3.5816270851786576,1.1367331763369544,0.0
2.1476888643708634,1.614303966515929,1.0608306381465522,0.0
2.1392019148358217,3.5221747263943928,2.121175673709711,1.0
1.9182243152906984,2.787087535008484,0.9545270744777608,0.0
1.4909932788462392,2.6742792013768972,2.7474982947024147,0.0
2.242974822693582,1.7533423506388264,2.2291619724329133,0.0
1.7277057082028429,2.521343863249294,2.432520451730399,0.0
2.7290267537569797,3.6585144874112796,1.4065835984386932,0.0
1.7813538322088027,3.234238618704585,2.689814574741713,0.0
1.6611726470497,2.86871927861286,1.2177030376164946,0.0
1.1541541844122905,3.5745425189041136,2.9590065211190657,0.0
1.9490811547164781,3.7096049172432375,2.2557152856325304,1.0
1.543831446841315,3.255545283346018,3.087556085860961,1.0
1.9746671648022989,4.106370139166595,0.1475604719178838,0.0
2.5811728343179268,3.061551572233619,1.7885698748609626,0.0
2.064884667335197,1.5945765424101226,1.8446685184740446,0.0
2.2525167209629218,4.045028900911941,1.6335276141716717,0.0
1.4283086908482834,2.64520419197326,2.647287044939663,0.0
2.232462138962965,2.6254029675135597,2.362934882516667,0.0
2.068644193444971,3.684935441368185,1.5035734965663283,0.0
1.7683078742025775,2.722737665961718,0.9651386558079005,0.0
2.209388655959201,3.1845939532228997,2.0036157598671873,0.0
1.8341218472113205,1.9991817504031162,1.7025588397982105,0.0
1.7576642413528523,2.432704302541568,1.8859537795724668,0.0
2.285707100797795,4.333734841324425,2.1234451552981093,0.0
2.1821156277773115,2.9473587881301007,0.6432238621164947,1.0
1.9812518588743233,3.042589189881589,3.741775201442622,1.0
1.8639802573676816,3.2132261706128786,1.9754550722544366,0.0
1.1736198345754416,3.808097761838267,2.531696946410984,1.0
2.5593440538893364,2.356965963988665,2.991925369872826,1.0
1.0087416072860096,3.4149706306136007,3.5488860268984586,0.0
1.2995850474884874,2.599567035227334,2.0704641560079673,0.0
1.6439889508121028,1.903515372555139,2.0484813444236645,0.0
1.2488378403446183,3.3348804192207564,1.349868889186029,0.0
3.0959691281822392,2.4461562856023575,1.7722681179317457,0.0
2.575243541014104,2.1296474951290056,2.1608384622068284,0.0
2.924289505531966,1.8633377041980703,2.13055585340483,0.0
2.1837648861267684,3.552832254320477,1.1253437643445876,1.0
1.0662961746254869,3.369068420430832,2.209999876351657,0.0
2.177125193118316,3.244975878265249,1.5191499079973552,0.0
2.1642281642181924,3.207233533248611,1.494877268163329,0.0
3.319301808995473,3.335050471526154,1.1576212186767578,1.0
2.4642535088774795,2.3107959814840306,2.5565528606738144,0.0
2.8192507905688897,2.4196899674936088,2.6812097938219077,0.0
2.291880192581267,3.5812843136754022,3.3412351805416636,1.0
1.8264843991517792,2.4670280469572807,1.3710183148485084,1.0
1.4231350153392088,2.9454808584322123,2.241230874808031,0.0
2.195649940498183,3.5849068846772933,2.0091937259151225,1.0
3.0278038026436693,2.812859358530084,3.923450063670079,0.0
2.4424136243716377,2.393898079312756,1.2427646526991858,1.0
2.3411595165539083,2.841987949153257,2.504874591143064,1.0
2.334629533448567,2.9485021819938826,1.4012264196876614,0.0
0.9288412549630034,2.6842662494922234,2.605565394866111,0.0
2.151387138284085,2.1191296619857054,2.1224574070415354,0.0
2.2724605321152924,2.3750184132600225,2.1087000648527034,0.0
2.041159779537345,2.1917979517091584,2.252993868725106,1.0
2.3965345413794648,3.765832878421759,2.745150577022179,0.0
1.0258406476845559,2.336857554709472,2.3641849299934687,0.0
2.3633015299684015,3.364193711621448,4.724292563132909,0.0
2.4036805514261896,3.8029661646541446,2.674581116229968,0.0
2.4606031710039202,2.777070979215251,2.5366722825226575,0.0
1.4535300501285344,2.8325439572629896,1.6567961439892798,0.0
2.057893759163881,4.636710768626372,0.6796441200447703,1.0
2.4852592342721898,1.8596376713546265,1.666293777442272,0.0
2.770004351492764,3.0454528373972023,1.237919359137798,0.0
1.4942038965743858,3.480548176750822,1.483552801960435,0.0
2.1530593365394903,3.032224157027134,1.5392489755844152,0.0
3.5159974040467548,3.448248439404212,0.5680079441047403,0.0
2.1318431103549536,2.5320463030648006,2.6027613915438725,1.0
1.4396032116232673,2.9188690841895424,2.357079929380024,1.0
2.612181368645169,2.151262271137012,1.7634719078215848,1.0
1.664162949785333,2.538026469299725,3.2483646651773084,0.0
2.286365314077022,2.1084204056003806,2.64902640695552,1.0
3.5005910376446883,3.7300631870752516,0.9256431939427432,0.0
1.6575948033946928,3.8958414647507027,1.4996021220222997,0.0
2.313827727264534,3.5477489921179064,1.3445611778586932,0.0
1.9579092170761574,0.708077884198675,1.2756485522488308,0.0
1.8214073474381458,2.117684050582127,3.1542891026956337,0.0
0.9887373335885632,2.6888415594328094,2.092447548775239,0.0
3.0191341162416894,1.9846921360519147,2.8224809767791608,1.0
2.007235866839246,2.305968577050733,2.326756500261422,1.0
2.1407564606009304,2.5755825759784035,2.0493575276374023,0.0
1.7275421427756696,3.080268884609452,2.468197089985455,1.0
3.1214832457722763,2.124732266921726,3.508282363716672,0.0
0.6196654794861132,2.8926717300172946,2.4160030861939705,0.0
2.198691255133715,2.559684946893251,1.8528353454565663,1.0
1.6513956959714333,2.5832561837723866,2.6007594041138775,0.0
2.252448071114496,2.5100389264419656,2.636113172273425,0.0
2.2172935750672274,3.5747803164006937,2.445214823754819,1.0
1.4138120062071866,2.603892187784589,2.5284163757200004,0.0
2.431596953722636,2.985220341170343,2.0829629883565133,0.0
2.903445511895999,2.581695859398241,2.386856268194735,0.0
1.8570282043578987,2.8460761450611853,2.7769525630509495,0.0
2.5836574976716777,3.5752381801766515,2.9231129172341515,1.0
2.0148519588494924,3.482213570452984,1.7806082724360113,0.0
2.229220226077086,2.9079749637322805,2.068586504594084,0.0
2.4208395685572563,2.4214306063785216,3.4795412315056353,0.0
1.2886382875500266,2.141438998258307,2.818908052017774,0.0
2.5597900593136025,3.4413193549104864,2.444307370528887,0.0
1.9913402238722955,2.365545349473095,2.0536019171436344,0.0
1.5211743618298972,3.6895137759685106,1.8960147283163007,0.0
1.416285334297529,2.7727458919898225,2.2919866314835167,0.0
1.6013865459909555,2.4186023826650906,2.1723128797343714,1.0
2.1732175235949946,2.641537043018833,1.6669256198986626,0.0
2.1640840842794984,1.976049742397186,1.0047728208639248,0.0
1.4919832192481142,2.849070071599599,2.2198448479565505,0.0
3.0432343856707593,3.6064569355160474,1.886906380889853,0.0
1.9865535104395555,2.2911046879259644,1.9869092359987524,1.0
1.7958875189714911,3.2281964824298233,1.4150593902068063,1.0
2.3672334420055288,4.08381007917262,1.9230949615033004,0.0
2.2840530827782874,3.4880054965340803,1.7162942835786585,0.0
2.158457313501069,3.0089041719842258,2.0690674316437243,0.0
1.4533995399122523,3.017331310426562,2.3521379687589707,0.0
3.026113485547386,3.6783069061192712,3.522529916838337,0.0
1.4574033347548894,3.6168238375941586,2.1296423755339315,1.0
3.5484245035404087,2.428446801203913,1.4062269910835132,0.0
1.576165395813188,1.4981789308074214,1.6282350589266534,0.0
1.4632121471951878,3.1063444662656483,2.241657967983055,0.0
3.326653123074009,3.672051140982702,1.5920675129898059,0.0
1.3647248935720926,3.3478393819679186,1.0664541465680408,0.0
3.295036912799159,3.8339901073655023,1.6682427148291428,0.0
0.7886309573950177,3.9573323366334945,1.919008098705816,0.0
2.875268308059758,1.8725693903551122,1.5761778567955447,0.0
2.003707855629233,3.0332202964352195,1.681755653139106,0.0
2.4404214108244986,2.245078354650274,1.8993225006395948,0.0
2.085061856930603,3.3637631880686425,2.5031877058898924,0.0
1.2047579504536188,1.9152174667584645,2.9034539449293124,0.0
2.234981491354077,2.4707400943740283,3.096830080542886,1.0
2.0817943183197545,3.833889035885732,2.047742776060506,0.0
3.4571688320001592,4.241213412985297,1.8239557623381126,0.0
2.687004407823687,3.456349710366365,2.9677686552770304,0.0
1.3176960776978177,3.485111639607828,2.7484191320252354,1.0
0.7563833828096698,2.163309881797322,0.5580450986920218,0.0
1.8095006004662517,3.5073789948612175,3.0623268593005326,0.0
2.0523929216853514,4.151605096219289,1.0241209001708076,0.0
0.7955267261778871,2.9607218454308923,2.27157528336444,0.0
1.9768813219134809,1.5380976713512466,1.9369826157208943,0.0
1.0776007703419896,3.4735300004521994,2.2592241057861764,0.0
1.3354046295877637,2.636641218123797,1.2510229359478369,0.0
1.955679185279489,3.6753876118246804,1.302986428243932,1.0
2.3564147091561183,2.6250512422730186,1.4393542436887123,0.0
1.924318106683295,2.2679731336459503,1.608510821789786,1.0
1.1529724191169743,4.38927046465282,2.0249350967279334,0.0
1.5052193483292409,3.1513066459178605,1.9205720743461547,0.0
1.8437508977339823,3.4342814383796703,2.5356388385755424,0.0
1.6248790410973504,2.5928350173092394,1.805509079767204,1.0
0.3722959346586321,1.9285981251261557,2.966526063539418,0.0
3.1631678250496877,2.823904927669844,2.407687338317054,0.0
2.2200870949230955,5.1770974981238185,2.7916590119217175,0.0
1.9095486036308995,2.3243308747534575,0.8640709133336941,0.0
2.143870516646584,2.46517925905397,0.9943147573757618,0.0
1.542803929020765,2.2352300724654888,3.19298929098197,0.0
2.623413450702616,2.994362491261052,3.046478536386423,0.0
2.054707654986558,2.3909801007119453,3.0770113636258776,0.0
2.3810669463389607,2.2665562105160943,1.8654102300049973,0.0
1.3808443953009175,2.0222129332121845,2.6549064244423497,0.0
3.3501614545868654,2.011063384604868,2.3980793648633174,1.0
1.5399262272453191,2.655550337851884,1.5811142390369857,0.0
1.3890662678768175,3.0343099721539977,1.412429537858004,0.0
2.191241855527113,2.964476292134523,1.8310382157094807,0.0
1.35825558021189,2.592161080961144,2.5341422582302107,0.0
2.3542019401820937,2.308764057418469,2.070238546759899,0.0
2.5313109302324452,1.8195522051704431,2.3842136766586792,1.0
1.5314542466740715,3.4034741878982384,1.4602942746060616,0.0
0.7237556273778976,1.8491537055039302,2.0340011918572567,1.0
2.183651542193995,2.36055158204894,2.451553058016072,1.0
0.8251278968921236,2.953274526277041,1.1436822330212042,0.0
1.5390822679508478,3.033515921907069,1.3915958747841792,0.0
1.7280781669322072,3.7115564692547918,1.5920758470487966,0.0
2.59092355942537,2.201176622318673,2.3746281269048604,0.0
3.019342947212939,1.252283413277559,1.4365099609614398,0.0
2.4080516143631057,2.8564252306403595,2.262439763870256,1.0
1.5729179787370202,3.0612282259035895,1.8899195711778862,1.0
2.825746614747657,3.1799027035734877,2.238721131700006,0.0
1.7087590042402614,2.6552103324095726,1.6941351721349818,0.0
2.278919784729255,2.702319018837694,2.204901766328815,0.0
3.4675299784021663,3.6159781850556696,1.769466549577729,0.0
2.849386510017815,2.711447136501231,0.5588283202730593,0.0
1.2871753335289733,1.6771503464536093,1.7514424317558814,0.0
2.013023760823397,4.185420191744003,2.2311725629441486,0.0
1.8450725303176936,3.5864783108088147,0.4364912288795122,1.0
2.166604651784839,3.5450840059781568,0.9544816390399147,0.0
2.808756239961151,3.239353105146585,1.7063470999359283,0.0
2.447444348535632,4.6056223177453495,2.1285988622208643,0.0
2.1755184598030683,2.675182792923141,1.3990692833982399,0.0
2.587136086540505,2.3946573214357163,2.0506049716418375,0.0
1.6622451803081337,3.3386898828368246,2.235934737273381,1.0
2.7336515303366733,2.6393639458534652,1.8091696031817763,1.0
1.3079095393909879,2.685837222964703,2.266791737177043,0.0
5.535271784110952,2.34793064589891,5.61490424306668,1.0
5.958580722794192,3.292342623648683,6.327095045962325,1.0
4.452848410104956,2.119896219052767,3.7422548501659607,1.0
6.057863077609561,3.46270639298354,4.960695702269194,1.0
5.197967714190227,2.204159062504131,6.729407809887481,0.0
5.091373174047624,3.0773538010916295,5.513194501317631,1.0
5.340124889574361,3.1583099117671076,4.441050152199876,1.0
5.333378472445744,4.3307922838166935,5.951355638180503,1.0
6.126553067392438,2.6385159285466413,4.300243720900263,1.0
4.9110552158129686,3.0394034633603617,5.7737102426276135,1.0
3.803246783410272,4.08155540305665,4.888271543433761,1.0
4.69814950068001,2.284334132984961,3.829839625431913,1.0
5.58206950199276,3.051843631781733,4.087859900327601,0.0
4.08424101810307,2.7625643621132645,6.180176438478444,1.0
4.816441195113415,1.9371174247574143,4.826233412955268,1.0
4.80715531444202,1.0930131666845913,4.961607731701637,1.0
4.836704627679314,3.4922922416648037,6.307409392852051,1.0
5.796601771840843,2.809866983524308,4.217568026370158,1.0
6.819640167310856,3.0418737562628926,5.009849496768771,1.0
4.9829409873078,3.1400670775886654,4.897921773793697,1.0
4.594359704825901,2.613312334296423,4.976839940524232,1.0
4.615740659266567,2.4959419131287452,5.075257535724169,1.0
4.819703880513637,4.063483641083841,3.1254812717644986,0.0
5.7718118967059535,3.881115289551218,3.5338917066182454,1.0
4.757683278397282,2.7373516448445723,4.0047389360656585,1.0
4.450000545684434,2.2147042886491293,6.2390423130176025,0.0
5.661624536804302,3.8991252303226744,5.510299210277864,1.0
4.201639836261615,2.6291081628437984,5.346040070784452,1.0
4.135825138855848,3.504166024950259,4.830064281271025,1.0
4.734961665251862,3.5027246146688613,5.31414160018417,1.0
4.744758376370421,3.8197699655905266,4.235572790162019,1.0
5.435532244444541,3.419385921439716,4.781117613668927,1.0
5.230610871596265,2.1153291061033985,5.653385771280792,1.0
4.869254445465282,2.6303790075086724,5.741761537116515,1.0
4.501953800131256,2.0040674663025313,3.8992969556084365,1.0
5.4285137460630315,2.094599722019578,6.240826865667845,1.0
3.5278535977337264,4.199575802004989,5.149211882007782,1.0
4.931613502766792,2.6146840185194105,5.282231853074799,1.0
4.973388246707452,3.7801522424697627,5.0807711449679225,1.0
5.106279394753977,2.7428873390213404,4.959733363307936,1.0
5.2176487180447895,1.7907283325816017,4.046688945732202,1.0
5.525567081095938,3.120820109970678,4.869904135239695,0.0
5.013034759074478,3.2457773808776222,4.618332269842168,1.0
4.449655450838491,3.1384835079427797,4.308185974420093,1.0
5.288678292003798,1.79609158790639,5.7277229300493255,1.0
5.334176884585953,3.1810403613187317,5.694867458558754,1.0
6.177668273572386,3.717267951606959,3.6983053477138204,1.0
4.095202449771072,2.5581865467000515,5.018449158532359,1.0
5.366040203716103,2.4868216283150018,5.132064045662013,1.0
4.4658636061403865,2.5675916146880944,4.005340399587315,0.0
4.3471755110581105,2.0442146493432265,4.309953405241153,1.0
5.745037259322981,2.32867360765596,6.861375208720365,0.0
5.34882843299359,3.1306988764728807,4.3930493929496315,1.0
5.495193864662031,2.5929625895597863,5.086273967307049,1.0
6.8102531374206965,2.9320753935046002,5.812658962453421,1.0
4.50277918142297,2.975259401106117,6.252145137587318,1.0
4.5566673418576915,4.281594665911408,5.50045619295847,1.0
4.602275928573029,3.4471798007610115,5.687699846404211,1.0
5.439686040893131,1.8896834525787112,4.4858363721214,0.0
4.824977894331489,2.947367617536389,5.438881449071363,1.0
5.125653582783541,2.055768948736886,5.268840478638869,0.0
5.431749320986033,3.395831621775493,5.76422738001539,1.0
5.589672010463226,3.324689347808204,4.950385349620812,1.0
3.8255232606249043,3.3037859560699396,5.146857371961986,1.0
5.192035237407606,2.0972024241671923,4.235577589431249,1.0
5.744691524217657,2.972030282477082,5.481893764495544,0.0
5.02002411579404,3.0210407680193745,5.663466841883151,1.0
4.635101273281926,3.067967653187889,4.673122008581696,1.0
4.692764771182637,2.7813822949414804,5.157072296252743,1.0
4.661473603138043,3.887953671909582,4.367417110101585,1.0
4.867861793202024,2.6890631867959938,6.023167874253488,0.0
5.138985215345941,3.729624270988582,3.94955018636354,0.0
5.188833053913823,3.629063968337716,5.058183566799734,1.0
5.753408398429896,2.634221829104548,5.996559132003126,0.0
6.6255664524682025,2.743434393437152,4.6849821460818095,1.0
6.027698019441191,4.1169261756195725,4.630282129188542,1.0
4.702883052266328,2.8007481922407362,4.0493299266779434,0.0
4.350414979090802,2.2899652545637537,4.457085135136351,1.0
4.975474080924116,3.1656148256303673,6.096369412701918,1.0
4.294057087768611,3.696021042836599,4.848687037149871,1.0
4.965023875482122,3.477169438987868,4.20611564516583,1.0
5.270404524718568,3.117699485170927,5.348215628184049,0.0
5.204473109013736,4.736159378779273,4.549049732502093,1.0
4.624528452328807,2.559373108132894,4.607218362247816,1.0
4.549299240040548,3.8407616520890553,6.004448186457924,1.0
4.596421425352656,2.4114357298995848,5.333341136677656,1.0
4.609519340661446,3.4475503803636496,5.143488244102813,1.0
3.9282070577418553,4.09425142178194,6.2698772808273615,1.0
4.566692961524066,2.725853597892663,5.202137356288122,1.0
5.2364966642137105,3.4656611209185213,6.421429260933662,0.0
4.874879415526799,2.4355186049843236,4.024674020449934,1.0
4.483154412184115,2.9765756928407554,6.26894403452507,1.0
4.633993540432745,3.1582419781517124,4.988387258820235,1.0
5.840320942371619,4.786811053935411,4.62461909074786,1.0
4.653914051215201,3.738333236825234,5.482170096348161,0.0
6.305819272894824,3.4128995795699444,4.745942126177778,1.0
5.417656036123124,3.7839718201559798,5.580168514167386,0.0
5.358696907315806,3.7542529063285466,5.826816841215663,1.0
5.977333995240592,3.4587071605373993,4.881829672149074,1.0
5.103742242569879,3.8531306717804323,4.422339247251743,1.0
5.260691396746511,2.7218674584994607,5.020325659221216,0.0
5.904001981470193,3.1351274468753028,5.032835598096108,1.0
4.038436501274929,3.5276809570224907,5.4564262416335,1.0
6.52965208428312,2.7823679229631066,5.154962682790425,1.0
5.176340893869156,4.115427911125713,4.932615882832404,1.0
5.197298012969224,3.429847744280199,5.131952576415136,1.0
4.6843237638017,3.137242350138842,5.759172290823024,1.0
4.2741440707947,3.0940237582814216,4.504939824106659,1.0
5.84502557514688,1.9229442106128447,4.604782571640948,1.0
5.266729074802216,4.106992657182089,4.953507544530504,1.0
4.607414649763678,4.330178920278454,3.9760995517632916,1.0
3.445209397560566,3.3111372014527807,4.644994053436916,0.0
4.277879349836631,3.500883647382584,5.172393137965735,1.0
4.601136175083637,2.0946880777168455,5.616920493122788,1.0
5.459761662070051,2.929872074191565,6.305769542295261,1.0
4.243335805286355,1.92129080676835,4.510747111829277,1.0
4.967765818707747,3.1720669747462757,4.829420347623079,1.0
5.248940758228578,2.1150279862326298,6.020895741977313,0.0
4.941910344676149,3.790047459107428,5.242343416508183,0.0
5.322973298592426,3.4028863075504074,5.316577758783508,1.0
5.454473621925273,3.939852767287899,5.138961451742622,1.0
5.501341364877581,2.936547282055019,6.018316648747811,1.0
4.5217184164715105,4.273457192624274,4.97160404078083,1.0
3.988289222939453,3.090583500483354,4.518423754661174,1.0
5.594424754050652,2.53852515867033,4.684500668720734,1.0
3.663892935820229,2.6801711344854504,3.286058491362782,1.0
3.880011572772726,3.5376943598732695,5.555644620839469,1.0
5.300843927045243,2.31624461194772,4.966262976532399,1.0
4.997452620179569,2.1809124731849057,6.063063134003892,1.0
5.6203888252234195,2.8437547342857616,5.0190111590709225,0.0
5.147348896582408,1.5562754291521605,4.8252191966637445,1.0
4.517764313578349,2.2917476988311685,4.801232076706817,1.0
6.27115633358299,3.4531443328768927,4.5961154630533025,1.0
5.404877167487594,3.989493718500224,5.65381474730111,1.0
5.0421650389352175,2.5425466174854146,5.493718439838711,1.0
5.278236184329521,3.6329971963538306,5.449134288187798,1.0
5.742145842215056,2.621531552375706,5.931538277304948,1.0
5.139724020437777,4.467431035764437,4.512670620317706,1.0
6.227511777112537,3.139944057056381,4.539377912257221,1.0
4.6578410454200805,2.7734802460409393,5.299930617049204,1.0
5.36970051903488,2.594332836848282,4.982778702659226,1.0
6.514813897709386,4.221557490370719,5.308527425618707,1.0
5.02687251712141,3.0848749650773004,5.433822718897501,1.0
4.276776441401023,2.8180073050696395,3.8201328863812813,1.0
5.282293377200661,3.457636637720208,4.6583355759305745,0.0
6.112976713820247,2.13325278754542,3.964530592004398,1.0
5.158711402953409,3.740410310345978,6.190716689657667,0.0
4.675519825945583,3.762742532055226,4.9727704000829345,1.0
4.877934065593922,3.624841934059707,5.461261930849257,0.0
3.8853224159871487,4.044071693986737,5.975871955174588,1.0
4.557660371705236,3.2798753625111883,5.349332094831378,1.0
5.1843241874915185,2.610875493993997,4.525090562127656,0.0
4.981930543115027,3.8292446420125463,5.3843833555677785,1.0
4.737936092576992,3.54567339133236,2.9857761964535743,0.0
5.812300016727628,1.7698365897023325,4.743715552554209,1.0
4.208273824819426,2.084521949041141,5.820828493138346,1.0
4.669285308983267,3.2450152444792506,4.966822140497331,0.0
5.337318803832309,3.0543212801122808,4.092787498066651,1.0
5.704467023902226,2.6508613717911365,3.8993303839854585,1.0
4.697276866552233,4.061197424889625,5.601197559360691,0.0
4.753465711485039,2.753037508894793,4.772569674216906,1.0
6.46848258199136,3.2700691482484823,5.304085364921439,0.0
5.728520416890214,3.1688494336214807,4.816829542077066,1.0
4.861159690227057,2.9493702639268182,4.973679904152961,1.0
5.514511784497381,3.0367312881090833,5.518054766768172,1.0
4.942924758851034,3.0556034763124025,3.5870587457957455,1.0
5.647941512571025,3.2450043509104622,5.705699716374491,1.0
2.9520381820312336,4.4767039154089066,4.901295227348168,1.0
5.783603584509507,2.2646754671334532,5.433296583603905,1.0
4.2551227118724615,2.558928737998311,6.353424549722873,1.0
4.8651671813673065,3.153748259078257,5.615230792461609,1.0
5.350500024296779,3.106362227845679,5.258066399712508,1.0
6.699471458331419,2.9592573578937404,5.142198499622304,1.0
5.742924848100439,3.781724883972175,5.839357178535685,1.0
5.4516504713456255,2.1917734752787372,6.155010513094038,1.0
4.189411399014528,3.213995589698066,4.466646431566065,1.0
4.954647340190002,3.2324701297248253,5.227233866228114,1.0
5.298343026443113,4.141066181228519,5.32069718010124,1.0
4.827355187514292,3.681712574351634,5.841082648739891,0.0
4.131950189279031,3.422425640472152,5.495804000871204,0.0
4.789590828940524,3.972771616617182,4.893894676854372,1.0
5.088795961807085,2.877619739416549,5.0110160501892835,1.0
4.224816452010531,1.9817302556639016,6.127485342842663,1.0
4.401107887201209,2.298979746882982,3.4773232481307432,1.0
4.548185815289945,2.0644342349628495,6.161080054543541,1.0
5.714048511632239,2.5134042244489683,6.592712632146343,1.0
5.69421303338667,2.770309525978845,3.2326532700764856,0.0
6.619941028387868,2.017423885801343,3.836527388270934,1.0
5.723066486714874,4.7251654709386965,5.978828696981003,1.0
5.398743962761962,3.4205548281316647,5.603455928783662,1.0
5.536643552274565,3.198832362700247,5.073681307211496,0.0
4.955739974806571,2.4668665264378458,4.801532749837449,0.0
3.802898756426469,2.930463383034078,4.3009605243128695,1.0
4.219644510151697,3.1272043741764226,5.984294256101444,1.0
5.649347899380451,1.8894883733204852,4.300227233778108,0.0
5.665225686571392,2.3052765015987653,4.841160376357809,1.0
5.388945569226155,2.3152770694415326,5.074511734966773,1.0
4.056701526267597,2.5747688609759196,5.2261199741331374,1.0
3.8735833286320807,3.311462674153166,4.986113979211366,1.0
5.390669393305812,3.158331202600636,5.9645929485252385,1.0
8.088547094993048,2.6963644299912546,8.08647739371631,0.0
8.384169720536915,3.0345492870565574,8.028702660110095,0.0
7.503616917215253,2.53125826594494,7.008208300982436,1.0
9.23713757931376,2.1204558713861834,7.510042035919108,0.0
7.492009350862336,3.6328070955865606,7.791439082370917,0.0
8.882286880759356,2.5237702125315997,8.19727866401991,0.0
7.409320433995825,4.516849494904971,7.160241104577809,0.0
8.219076325153564,3.448147930266346,8.292600147856827,0.0
7.868981839937392,2.9082029028801117,8.030979388930193,0.0
7.8960538878005,3.681565459729781,9.563075804394085,0.0
7.605793778365168,2.0314030242500962,7.937575164953789,0.0
9.824129966145627,2.4317162631214346,9.159030608286331,0.0
9.186313622435643,2.6085540003031396,8.40233179367231,0.0
9.151450294675463,2.731916203411811,7.856046946855221,0.0
7.5886894812601255,2.2824586344723827,7.540891445011672,0.0
7.134543537605136,3.0241006515324553,7.455546706986318,0.0
8.165311603573118,1.8998156377507898,8.233967655959422,1.0
8.589393981069051,1.5902160072444051,8.264497937086597,0.0
8.868093069630321,2.1446546328820455,9.18268727675831,0.0
8.2962911829688,2.501481335976317,7.960565307007717,0.0
8.394796745963058,3.053743927674454,8.380958015663715,0.0
7.348985459074196,3.119756187143252,7.00035289257676,1.0
7.921351297775663,2.360840777153909,7.479901789829024,0.0
8.874049866369711,3.7716727866497166,8.430725695972695,0.0
7.227618236923394,2.776265439596083,8.857789609897084,0.0
8.100208990643605,4.640013645527332,8.278117711397401,0.0
8.135799232590987,2.7814216519860024,8.09442767933734,0.0
7.892187544768914,3.500708447103535,8.67649069578233,0.0
7.444221522533673,2.0586761512002987,6.7016067290274846,0.0
8.359204112043813,2.219801990639667,6.477676462570572,1.0
8.27476656628785,4.762816864271517,7.995707217282158,0.0
8.592902512577115,3.0578620943291286,7.930074455639357,0.0
8.649885213549734,2.7947449013983703,8.189074918517406,1.0
8.227474700254037,2.5275887097830037,8.70147987258151,0.0
7.876284769605928,2.4656074728737005,8.379369748561967,0.0
7.364687197396566,3.019927087477396,7.9935518956352665,0.0
8.767844118259912,3.3356623394866856,7.982303267758833,0.0
8.57824809559035,3.983025185166872,8.394431450237148,0.0
8.007320407694301,2.0723917042989908,7.24685090610496,0.0
7.784173541765155,2.569009788637225,7.867791323771707,0.0
8.040057546048454,3.3745493385510246,7.950149835969051,0.0
8.34400861140791,3.0455902959252703,6.603134194923872,0.0
7.335789573222223,2.8981147122646513,7.144616644171336,1.0
8.42421367320895,4.082404293857181,8.861794769986647,0.0
7.849073098569325,4.0541025602586265,8.105123767129374,0.0
7.761644223979582,2.566258817012311,7.786121633580875,1.0
7.7255175393100775,3.120502466465902,8.11354295088248,0.0
8.00215386150611,3.308961942786883,8.841914054895923,0.0
8.671436168274289,1.950018577138945,6.194105046895184,1.0
8.660663945034903,2.033470803291014,7.841066860145564,0.0
7.172605144518715,1.7258074130216658,8.382871966873374,0.0
8.536803761822762,2.5923455862215627,6.167856424883198,0.0
7.613746846455165,3.277047269116191,6.954251600944579,0.0
8.129655042673662,2.9891743018308317,8.409620947651653,0.0
8.084556089402433,2.3119363533406405,8.846103823001531,1.0
7.887902663894021,2.9806927749553513,7.3400798974752135,0.0
7.686552114202844,2.374350000899317,7.877708668248653,0.0
9.21036067372317,2.0299193987156627,6.859039793700512,0.0
9.040274514851165,2.851985808423012,7.526894129386518,0.0
8.735323656245443,2.5717651450601124,9.291183850961543,0.0
8.479365980765795,2.6549945346818964,9.525447266709472,0.0
7.571694870478452,3.5247406698349346,8.211631813164251,0.0
8.92047009308441,4.104155156104278,8.022630350830509,0.0
7.467253114811086,3.3252494214291572,7.5207828663339376,0.0
9.423679775880593,3.096545058480154,7.741678653753619,0.0
8.130588696628683,2.047437865558879,7.312965124673071,1.0
8.848820814538147,2.5355056008166783,7.259722144846928,0.0
8.37947080045447,3.8384194482432683,8.508376761327787,0.0
8.70431207301846,2.4648650609038603,6.994628035983476,1.0
9.061603206121289,2.7718308978025434,7.822634273119159,1.0
8.939175084433716,3.393314011546664,8.322361335098932,0.0
9.530887839364333,2.544963895481034,8.656082046423238,0.0
8.040314367231364,3.1899234217585573,9.080790389145832,0.0
8.359094107001392,3.3806328077821255,8.758377211084088,0.0
7.741939450127686,2.406589153387282,7.261208333861676,1.0
6.609575921421378,4.45395800510493,7.219913883536469,0.0
7.843550062400404,2.804263438525919,8.217369360602978,0.0
8.57681331465275,3.6084466386504195,7.587701989231021,0.0
7.881827102898111,3.1998141992176357,7.824148818254694,0.0
9.136564956513935,3.3471717176961446,8.519637065859182,0.0
8.46872784019627,3.8297713221730096,8.12800157170035,0.0
7.083001335541061,3.2826220610428547,7.539421123427192,0.0
7.626211559686416,3.4146219739055224,8.87559835683923,0.0
8.0150412761566,3.218377917462998,9.20364773038866,0.0
8.17023820580859,4.839667772535492,8.399875705252466,1.0
6.754952712940185,3.5326929688330817,8.269519678656724,1.0
8.911992918465936,3.476011098451311,7.9020968348292175,0.0
7.13429041492506,2.852198237347351,7.398591219290742,0.0
7.589507932005272,3.4161877810257715,9.18080079896084,0.0
8.279074915079098,2.1543829773287886,8.314381561632095,0.0
8.84614623878848,2.568818373304137,7.905235552650172,0.0
8.010386122096405,2.444993080277666,8.45840349088155,0.0
7.914476743947479,3.296654236014424,7.372448262826118,0.0
7.6906702693549756,3.5108007567227633,7.736367149904756,0.0
9.221147850071176,2.717414543144389,8.158876093208198,0.0
8.659441301289865,1.9970639720404255,6.754920148675365,0.0
6.9211980742074095,3.892781781351698,7.609777362786415,0.0
9.808920062522603,2.601016696721135,8.13049747796744,0.0
9.09043640479601,4.418521884907422,9.45770315847992,1.0
8.854443955809238,3.724121556360309,8.418979823815933,0.0
8.550384395169088,2.6102528422909295,7.421446021172825,1.0
7.997613898281891,2.87966129935895,7.679519372896733,1.0
8.492420286429834,3.675502791083037,8.062513108800553,0.0
9.044771539721285,2.1927038853893364,7.863062083102391,0.0
7.493130076195879,1.6801593007346411,7.9415359263674725,0.0
7.913911511229614,4.070170576431551,8.446051219800392,0.0
7.275790551314904,4.311041426602474,8.863401206163248,0.0
8.411605233435774,2.8398515578723593,7.321574009576382,1.0
7.736810064636575,3.7698615320003235,9.332603756657667,0.0
9.091237963863518,2.6543312588758026,7.208310920586663,1.0
8.099621620566834,1.7495245324932716,8.228514082160615,0.0
7.895629210307539,2.670462429248509,6.872374647156661,1.0
8.36317011817358,2.6233236239312947,7.172743872044947,0.0
5.969003911642664,2.980544024054991,9.253171121973862,1.0
9.174687655915436,2.676784137312861,7.574171768405862,0.0
8.331473455316328,2.2940348857120494,8.213399098869516,0.0
8.541700559779093,3.8675728026716665,7.929180373357549,0.0
7.855980910100173,2.3791725591407293,7.415307294428482,1.0
7.839855239740816,3.2597666410437522,8.646001884397307,0.0
7.432066717467633,4.055490209310921,7.808286663163083,0.0
7.984891041270612,2.4716415546927872,6.285803272735562,0.0
8.625114494643647,3.5210273163099823,7.801071376627066,0.0
8.047369590426257,3.364824119518651,6.8951132286805805,0.0
7.6259032642435365,3.5616299410175545,7.1130834433064605,0.0
8.207576804506123,2.0407518067165062,8.329815803527469,1.0
7.974797666175909,1.8579293404630717,8.823595095851507,0.0
7.480565314643581,2.427065007314205,8.141823839459143,0.0
8.812209258905186,2.281705503323122,8.043614240090069,0.0
8.303219055268432,3.4900996749741893,8.124763020219627,0.0
7.740472126099938,2.414805342935619,8.060912923859833,0.0
7.2418832342503325,0.9342932628983638,8.308694397913358,0.0
8.639178455882833,1.3291544513427214,7.286012571527332,0.0
8.43780817655732,4.454868998893743,8.014703371703291,1.0
7.485224183533127,2.8706726862398817,8.97218443927316,0.0
7.54323434853744,2.4348859126275215,7.658648781891206,0.0
7.325894876401131,3.0867410122902164,9.148821155231532,1.0
8.228451544881164,2.821559127390328,7.793658272923167,0.0
6.8946571788821105,3.624452911952897,7.9449607901636945,0.0
7.872381429232107,5.257868014281185,8.21125020740458,1.0
7.46840345044234,2.6985196525126645,8.81207374879762,0.0
8.080094275399038,1.9829838883005118,8.649993013101012,0.0
7.527550786305692,4.324621560745106,8.763709311274242,0.0
7.683695654206476,3.9058153561938176,8.047981091634803,0.0
8.603002048496295,3.342757862172583,7.40153546995359,0.0
7.544941549536857,3.72829227846808,7.763278092493486,0.0
7.714577434426055,2.324626347277686,8.299529771785421,1.0
9.458425356763064,2.2451402371909666,8.017125742049961,1.0
8.998590731265283,2.943685032187024,8.319875164745726,0.0
7.24877433195864,3.302858852865854,7.867669021155111,1.0
8.697016364364217,3.839608728947755,9.831098011585496,0.0
8.409862547379996,3.230372784740849,8.137450457801545,1.0
7.750273719467049,3.2393442210338477,7.791119659718624,0.0
8.11911989868555,3.931682152303072,7.288266926537863,0.0
8.806015860303512,3.931340995718995,7.916512943919901,0.0
6.4996220122171255,2.5702049511712444,8.917113639035332,0.0
7.983829838075864,2.293386615089414,7.6430702302266225,0.0
8.594408121142585,3.3865990135775133,7.831049492433973,0.0
7.740615970901068,2.722985156226023,7.347757503505575,0.0
9.142243104187736,2.7720850105054318,8.860661043854696,0.0
9.075732896642311,3.705912405812856,7.69479834997921,0.0
8.285480284646074,2.9828911226460626,7.360986286106826,1.0
8.229356647646144,2.166292968382133,8.839816149456663,1.0
7.67146595842374,3.142241356768837,8.20031477499818,0.0
7.8169265374109225,3.414855165503281,7.664192403991925,0.0
8.61610022746153,2.048248640758223,8.089363857700773,0.0
9.371029843473359,2.2926589369380768,7.520761935426801,1.0
8.363387725398816,3.1269834957870537,8.247932920884447,0.0
8.345907536996599,3.4488158545847116,8.784676283328885,0.0
8.289785551370915,2.8294050764060668,8.475581424968187,0.0
9.343419399618226,2.9062137785187057,7.310903720202378,0.0
8.78282424857336,2.914877662641281,6.463690630735977,0.0
8.59921761443754,2.621465809551688,7.935983302159652,0.0
8.234745542965902,3.134703615385644,8.501658190824134,0.0
7.692064634255746,3.3628205893564442,7.816472784245974,0.0
8.522417901047248,3.4351305208673346,7.338544950399925,0.0
8.767905318594682,2.6210166134917525,8.571383148755269,0.0
8.259711349949876,4.299792142928252,7.84198568850035,1.0
7.752995724682464,2.986268264988814,7.785619519639219,1.0
8.565644343418487,1.857095808270734,7.254934016204567,0.0
7.244949313180546,3.671968942497574,9.20958631574107,0.0
7.926143249282518,2.8806250147207453,8.049534359574118,0.0
8.821572026687766,2.344262310259247,8.168552324116305,0.0
8.689568857016205,3.3543270855775087,8.13405444668528,0.0
8.707846480334522,1.0885261144977791,8.479330235239303,0.0
7.537498649051376,1.7055470647696256,8.361474824684304,0.0
8.971323272319575,2.9028092232427407,8.673784053947259,0.0
9.140052889383405,3.929784926809484,9.159630039623917,0.0
8.524763381441893,3.0533396375968938,6.867239111178499,0.0
7.826007546047679,2.4037346142394522,9.535088317110256,0.0
7.87562994931459,3.0871189543520883,8.389959049123428,0.0
8.030831585506284,4.198582085145898,7.559720414016093,0.0
8.137608251267713,2.4749940140213624,7.066603130996944,0.0
7.567413927300543,2.9738110296536377,7.696437485865376,0.0
7.510384429695362,2.00558338493658,7.941235486039859,1.0
6.93600201973312,3.5374407260061944,8.058293708339331,0.0
6.969355450799727,2.781356164813608,7.468145105093999,0.0
8.2256904606993,3.947841600227498,6.674052830819169,0.0
8.081335720578439,2.8867690143644693,8.47470912054042,0.0
8.150752781552978,2.468277386283164,7.7743947985258774,0.0
7.437124718654421,3.760851944308202,8.015069611294196,0.0
3.3443448262246545,5.957106327199387,7.499080771279174,1.0
0.9296422882037938,4.724987707492906,6.879846732379471,1.0
2.188887066365872,6.35972291368517,6.881929332243961,0.0
2.6328876613049963,5.658424254627534,8.10379833420578,0.0
3.1400121390082463,6.634161161883222,7.810120157909369,1.0
1.36983193406812,4.478436737858396,7.49148181125087,1.0
1.8507083764114018,5.3019586621028685,7.907187308491052,1.0
2.0543424875870997,5.841002810473149,7.540378767310974,1.0
2.119256862226466,6.3124992301925165,7.228971418140608,1.0
2.997679853514261,5.930287663117282,8.013328696207111,1.0
2.5007832212188315,6.164908707898514,8.673969377237375,1.0
2.2030274442567364,5.56694137933966,8.255621594096077,1.0
1.1912634429827889,6.076763304118196,7.976502848276536,1.0
1.8528391589433544,5.9091102540246885,6.6693317787591875,1.0
1.6119928967304034,6.0656512591954765,8.113035538797376,1.0
1.2733239389944142,6.894990597276413,7.387521891134298,1.0
2.6855097605625824,6.302072030164128,7.543048287021507,1.0
3.2553343708785287,5.1559713019909665,8.64994014911555,1.0
2.7075185422235446,5.525799902561164,8.984621656242448,0.0
1.8231904139150195,6.204137222949142,8.184075337486082,1.0
1.9050293781335448,6.573328028193437,8.561081255097507,0.0
0.7636011846017874,6.92230783071365,6.82444064159167,1.0
2.7301204229784166,6.796700842648502,7.2285702391479525,1.0
1.7095104311789902,5.218148730923971,7.848027882063236,1.0
1.7821868688143183,6.551303249391164,8.926528199829217,1.0
2.98689748700186,5.602487176240223,7.852057794302689,1.0
0.8096294385721434,5.430163811225291,8.682253132602128,0.0
3.142389570099464,5.127183542343742,7.581064504742324,1.0
1.9813283101919787,6.198103855226425,7.427523860990906,1.0
2.299856440177608,5.664944984493149,7.989780701258424,1.0
2.38628129621881,6.004541230533924,7.691428577594533,1.0
1.9224941643595173,5.9375179523401975,7.738362691656529,0.0
1.8170035491437133,7.1304142549885725,8.396629945338665,1.0
1.791063863414423,6.492821185607373,7.763953975101292,1.0
2.829524386414525,6.261376500715933,7.924125926338754,1.0
2.316583674292442,4.889222820468134,7.203255081913475,1.0
1.1557675317470357,6.101076031631209,9.225073104643316,1.0
3.577767464235345,6.451170260572305,8.354150524553042,1.0
0.7264598628721199,5.616271676235803,7.442952766917103,1.0
1.5609944531932545,5.881104365664094,7.666181551176087,1.0
0.6004236820820328,6.528852413819676,7.241456132028808,0.0
2.1691730799906104,7.466597920521705,7.349896920770815,1.0
0.21081653431435954,5.797764475260592,8.778496023720155,0.0
3.384760764798794,5.1305771439575265,8.351219388960635,0.0
1.6709758206538143,5.92508320021599,9.869833112461277,1.0
0.937239488869615,6.179421035298792,8.330709013269983,1.0
2.7677668732842324,6.069284552261313,8.217824625431525,0.0
1.7230626421340547,6.190301485154409,7.757326414744939,1.0
2.4395176983121516,5.738646024986908,8.266650245716354,1.0
1.9793080660067532,6.796237768277813,7.963659149540154,1.0
0.7462767184669923,6.892313250479968,7.359550548120348,1.0
1.5377173886299187,5.578803859691493,8.971874496002194,1.0
0.4898502808904146,8.218723265809128,8.746744931008832,1.0
2.15785375000545,5.961184079917765,8.2019172227273,1.0
2.368489202935431,6.456236316152537,8.392871685568569,1.0
2.063343107178897,5.860460664812049,7.893033635316246,1.0
1.8621790332532104,6.801696523801231,8.419707983343658,1.0
-0.07916874289496656,6.463791886869716,8.137699283828109,1.0
1.9867709114495384,5.725275967204741,8.794867727120165,0.0
2.670002386720771,5.453492960054282,8.287829432523253,1.0
1.3129349340202796,5.024462640229608,7.556844000606024,1.0
2.6098042723728625,6.673961182904167,8.362806179878744,0.0
2.5127201478900143,6.364993167120244,7.546404014011486,1.0
2.305415360286293,6.565975003014799,8.533364514301397,1.0
2.840688707213081,6.500846453496393,8.24851141078851,1.0
2.7567104904019457,5.981246637739384,7.3764204539603595,0.0
1.8846942440078622,5.473274288533566,7.52257686325578,1.0
1.8978098679289916,5.439674500313619,7.782238314047652,0.0
0.6610122280426722,6.150821426867824,8.000852399803183,1.0
1.4222310881412492,6.466157082616412,8.662962202153745,1.0
0.8632835187413717,5.460672136896822,7.456134228767646,1.0
1.3353881435476564,6.586527285553579,7.862944222902546,0.0
1.8129597619847835,4.583055333563475,8.449308398049142,0.0
1.1237119853567534,6.0423787692756665,8.196135113774998,1.0
2.962130919997276,5.074524220427592,5.864882478743883,1.0
2.1300012598133975,7.273153666048527,8.876067367689817,1.0
2.1482515942802944,5.652360719262891,8.570721861331137,0.0
1.3115988803905774,6.33683580898268,8.357421377234166,1.0
2.7496816150736203,7.951374327283554,8.277479991437984,1.0
1.6401083688849358,5.981916230424859,6.749074431219176,0.0
1.508763634027588,5.710593612589661,7.6294135398792555,1.0
2.1077311631618536,5.418461288829564,8.792688386783215,1.0
2.000146417007803,5.993423679855673,7.7681434224384756,0.0
2.1097363849336617,6.583432578091737,7.386846344299069,1.0
1.5346413677642037,5.78523326542916,7.0483255434102885,1.0
1.4206972118505514,5.66326099097399,8.618286519078119,0.0
2.1856588962146133,6.1368887390972935,8.601675719146787,1.0
1.902863476879063,6.2761003431997056,7.927011198535469,1.0
2.1876395167320712,5.587927401407681,6.275495849308632,0.0
1.905050293846016,7.006034854956789,8.654933191764457,1.0
2.682639107894852,6.8740764158221985,8.062690383772496,0.0
2.1395232747411175,5.563254156325646,7.776502740154274,1.0
2.4354159556622115,6.85127484928702,7.9013965928547565,0.0
1.68166811800618,6.000373323287687,8.425117369062896,1.0
0.9790404684631167,4.3763548772052685,7.6107116604314236,1.0
1.1368259657574173,5.640690620450114,7.895503534438256,1.0
1.6795049764178134,7.02704964307757,8.231043438767502,1.0
2.212467457253502,6.439966890855804,7.1947233797774,1.0
2.7347629912957463,5.946426559219016,8.474101391105403,1.0
1.2420824820534566,4.901326640221999,8.578335323451844,1.0
2.2661617284067685,5.362153228933939,7.385055337883076,1.0
2.7958025678429035,5.158958784929585,9.161545184519024,1.0
1.3631649712532816,6.451411259652426,7.767631647374706,1.0
2.426517922844818,5.615253299366503,7.884888032187216,1.0
2.028934226402876,5.291346453996828,8.523841918314655,0.0
1.637103206951009,5.838355449684403,7.296888814345718,1.0
0.1881564942032985,5.864922973670526,9.705976725017734,1.0
2.5547990125207347,5.986380854881582,7.814108111955079,0.0
2.015885785152808,6.386871636457174,7.1650392509831375,1.0
2.7879444267236453,6.505850979282656,8.507833996799462,1.0
2.3100491682981397,6.0138710716796355,8.4757847427497,1.0
2.418475787170571,5.7496554124774955,7.594402296683976,0.0
2.07202327708629,7.0953226533168605,7.123818984188894,1.0
0.9623029330238593,6.116503508112341,8.03598303906139,1.0
2.122571066338478,6.172500960533244,7.842172172171603,1.0
3.05349254047744,4.867989940790733,7.4141641355850085,1.0
1.926987858908818,4.838090048863027,7.875652158124561,1.0
3.1748368209254187,6.014768977509248,8.163130174859559,1.0
1.1089289491341152,5.564166668713597,7.7346960951962975,1.0
1.7753415005983268,6.906259018512826,8.394347130845855,1.0
1.214080541646079,6.174305200424158,8.352295976896695,1.0
2.8062071167017097,7.117611037413739,7.282220013415436,1.0
1.4266371552471229,5.110758168091415,7.834522970693133,1.0
2.3297651690341383,6.698150931979696,7.946294516144312,1.0
1.7738336473607779,6.10730910541834,7.409464790997601,0.0
3.4775269996622447,4.86321198587549,8.130631316097496,1.0
3.430905680068549,6.004808216199389,7.865622109660295,1.0
1.7472479176266542,5.872443818556156,8.970750465985383,1.0
0.4359774434506676,7.084301368686619,6.993110241383416,0.0
1.8114483297791575,5.696478359620327,8.416170008144391,1.0
0.8699554336036457,6.326805426265608,9.43140306184732,1.0
1.0360904174152017,6.134142517550223,7.531907913055379,1.0
2.301147731519689,6.013539523255329,7.546400256572371,1.0
2.3449778009853115,7.275866784051336,7.865010634315403,1.0
2.508945721705854,5.085517921564116,7.323697352178494,1.0
2.3340416825643113,7.049428507845429,8.251456610406796,1.0
1.7786345437121724,5.999498947969742,7.115828212061908,1.0
2.4274568865970787,6.623903691633975,7.680323859944846,1.0
1.6676300098757673,6.188004299156837,7.691192513167696,0.0
1.9532371797404844,7.484727515724794,7.825326451875147,1.0
1.7466152485343756,5.542118798133598,8.52622318955219,1.0
1.8718551582025538,5.5408239210832075,8.934303041229375,0.0
3.00381091108439,5.575436425081954,6.6801569430373,0.0
2.712419762221968,5.515893607602536,8.559056722547671,0.0
0.6069262308544552,6.631161630780505,7.143572115622766,0.0
2.5167282640397532,6.010092583055478,7.325462967703475,0.0
1.7121818629403038,6.485300434967571,8.074878685887823,0.0
2.413242381505535,7.397554539923203,6.893914148944941,0.0
3.1435419783804717,6.073790791079744,7.3644637046084185,0.0
1.0593262141350974,5.86627168922091,8.651705044023126,0.0
1.9098091520466662,7.068547898601384,6.973863828871475,1.0
1.9914518230006444,5.114424102741906,8.257126570059745,1.0
2.62712408768664,5.702476482423912,6.158542722318982,1.0
2.140677583704298,6.308820791536356,8.28587956283157,1.0
2.87382996790702,5.242650680105354,8.480985420836317,1.0
2.8432301486890776,4.742348658414794,8.226027973725971,0.0
1.6434910225569879,5.942354765029372,8.245844399169052,1.0
1.6554773783275225,5.522202235122288,8.024149405999696,1.0
1.2312010238125777,5.232205688182528,8.48038945533551,1.0
1.1876799475526572,6.4711540877822715,8.32710144009488,1.0
0.779670359054796,5.520889439641152,8.844362856373417,1.0
1.3062111994646304,5.671616596909096,8.32672639093953,0.0
2.5539407414309063,5.8221351479458265,7.577496489505446,1.0
3.0057673745623865,7.2295877440742755,8.692157165526854,1.0
2.0603290371659693,5.428469827227063,7.412787128725414,0.0
2.3694732670990386,6.295852219226775,8.991079869573944,1.0
2.4599376712557213,4.9371617259577105,8.74383929394491,1.0
1.294264562390679,5.728491309821668,8.176918262494846,1.0
3.4111500150197767,8.199044499889267,8.429017989417442,1.0
1.8704604286123674,6.37795256862311,8.627667170992423,1.0
1.773253747461521,7.2694061234287,8.162684593976978,1.0
2.3519575135852646,6.47087955438429,8.298106751222933,0.0
2.5932205168940987,5.563536086083666,7.605221043836418,1.0
1.2220734815146297,6.310774300511395,8.550791283747156,1.0
2.3236942978992,7.184044954665607,7.996043017138334,1.0
2.4728717595313845,5.2280509074545956,7.726279175385056,1.0
2.491819464946046,6.600405860426288,7.792133977861946,1.0
1.9493716834832775,4.926701180736968,7.747542231028033,1.0
2.6295959727791716,6.40673136746147,8.354024126696308,1.0
2.0351953117303148,6.00499440736258,7.533082444517498,1.0
2.4941463148110943,6.297672823673805,8.3479098638873,1.0
1.6280371956093553,4.477356619139003,8.775804122478247,1.0
1.6614107877703423,5.389925406601705,8.490363641224253,1.0
1.7228052040023432,6.749488204785715,8.436289090978129,0.0
2.4833565038461565,5.034123453809609,8.856973810484973,1.0
2.1847320222240474,5.738881630701841,8.101390957601652,1.0
0.7440120218351314,6.28896117414893,7.2721244262042335,1.0
1.0435176681704912,4.923529496023695,8.786789495302816,1.0
1.555043587167369,7.08450926417567,7.621131152106047,1.0
0.7927156102732134,5.210497997151791,8.87385077677604,1.0
1.8897633412063555,5.612302334613057,8.113149972613947,1.0
2.3548139754264112,6.790120280014449,9.02424362800078,1.0
1.7456051509042365,5.0623426889946606,7.707635980785343,0.0
2.184046111215429,5.318519527847411,7.323192097458807,1.0
2.243094742333682,5.965597592283862,8.023190977858077,1.0
1.463662805335221,5.837082092594878,7.346468476290517,0.0
2.629465333107827,6.732031824802028,6.694548043267148,1.0
1.3427365675714058,4.941794015481753,7.5403636680473225,1.0
1.9410004457527976,4.974946034836507,7.348146674835728,1.0
1.2900949341789465,6.146560134136419,8.049033850955219,1.0
7.48965448179824,6.1250312377450875,1.6134388050487092,0.0
7.807910829344468,7.183309321040898,2.947849099637407,0.0
7.081057294665694,6.586709419252674,2.573744005912405,0.0
7.188055241935457,6.578963224183005,3.0874820885127523,0.0
7.206240955318836,5.351227533503027,2.7195953241572894,1.0
8.191976175345165,6.389952613885366,2.240832944515804,0.0
8.276263735070215,5.062042563016281,2.7405654524087693,0.0
8.827025014853602,5.83779624932807,1.9692571539613106,0.0
6.91734350221725,6.363633025237645,2.4045056962642994,0.0
7.956024310150899,6.795037885214311,1.7637717245340594,0.0
8.399236678897473,5.278988431576709,1.9833461144052975,0.0
7.876712921908156,6.1593167595302,1.7387050027908932,1.0
7.907034836060366,6.584103556506256,1.6911610460690865,0.0
6.863978437568656,7.237142642918488,2.9768355469398573,1.0
7.086232285216413,6.4876970661261675,1.6443431289773975,0.0
8.186313596716552,6.208047876814147,1.8342486548333066,0.0
7.445793983002671,5.511713739219479,1.352154483694921,0.0
7.4118128758186845,5.9524977755575845,1.4938812579977778,0.0
8.482283640787687,7.051641841731656,1.5898404195780054,0.0
8.169284545775144,6.353330729953153,2.333756006502469,1.0
8.053708485010306,6.525155774290184,2.3410015046606034,0.0
7.124840508352599,6.614586147039066,2.6274093679160027,0.0
7.460275219749864,6.026826100708539,2.4831865645980806,0.0
7.851992778779376,6.75871005363965,3.671510270805711,0.0
7.444223946405893,5.0234539959888815,2.214832189202781,0.0
8.51022174042465,5.8367528215064155,3.0276104698659636,0.0
7.053462761680049,6.489967457156097,1.571591705186139,0.0
9.215783776901507,7.4089211178434855,1.457891927937055,0.0
7.611404422549586,6.607820423909233,1.7262572923286796,0.0
7.9678894198581744,6.017952324329154,0.6425860935908547,0.0
7.990215235900427,5.51228881378652,1.6513095083232716,0.0
9.02080197919072,5.111515454447489,2.5750229020455677,1.0
7.802743420262708,5.802179687750704,2.5588773273574343,0.0
8.240452576340926,6.403484319767111,2.6846099389035816,0.0
7.765729595587121,5.567083253338062,1.232682704062828,0.0
7.416346616989099,8.085324666495243,2.880121371943411,0.0
7.044646153766991,5.064881010952515,2.3407307598648006,0.0
8.386974649330643,6.388119482036589,1.8197190294753827,0.0
7.911290442023209,6.2318458349453,2.060735527206513,0.0
6.430717656940385,5.837507122906117,1.3979647367886736,0.0
8.123893182451527,8.110896884339061,2.259848777618607,0.0
7.778301032804207,6.65181209295606,2.3413118782422417,0.0
8.297051662937605,6.42910816962988,3.454195900496525,1.0
7.200341118615601,6.334908453300847,1.3449496210267977,0.0
8.392806759263488,5.35039053794357,1.704877095857623,1.0
7.79133992058262,6.690006619443854,2.6494453655226007,0.0
7.119144795672846,6.038844282406448,1.4982512729134947,0.0
7.1101026435049,5.846545772011825,1.7818697284035547,0.0
9.71594768351211,6.306148828493892,1.025877323335415,0.0
7.600644471812847,6.7222270543887905,3.476752046816361,0.0
6.878540445067838,4.67069271915023,3.3229721628692657,0.0
8.275498826865384,5.386024321235229,2.378039852216741,0.0
6.136244900244055,6.002386843604793,2.231804574333873,0.0
8.653557683315436,5.2830672967163546,2.060589972888941,1.0
7.345625971436241,6.180583585442198,1.3668945439466689,0.0
7.711429129221887,5.29585218153387,2.4604228520698315,0.0
8.607016605905091,5.83409820397726,2.027038345535213,0.0
6.975691187544007,5.788096610031147,1.9644999748429086,0.0
9.853180566754148,5.213720575619252,3.0353296543808432,0.0
8.704885598602978,6.198439904662786,3.2435324699079486,0.0
8.263118302996938,6.275177106217895,1.962438026030236,1.0
8.865193854007057,6.775320830590094,1.5575793471770232,0.0
7.067151362637882,5.856471014847963,1.4342873059036738,0.0
7.9550813425174915,6.8750008963339875,1.6766388986402991,0.0
7.969719296681248,6.041028269246005,2.5999312301754416,0.0
6.41120931536376,5.5709981074235815,2.149400131564947,0.0
8.84858396804871,5.652172443686102,0.6730768563038247,0.0
8.438202165821576,5.550730946350513,1.1587786380056608,0.0
7.558521141131221,5.869520868300675,1.5723809468186458,0.0
6.440429284670372,6.634321590992117,2.901472786853664,0.0
8.460695618168328,5.1955347475838485,1.8575239699940305,0.0
7.995388733778995,6.423411573395686,2.472588091714086,0.0
7.480860728314238,6.057979613967193,2.3233460750071653,1.0
9.029421836192725,6.4981613517003325,2.5579473343838233,0.0
8.059274377052853,6.997345226159979,2.28974605170092,0.0
7.391118899518515,6.992332422389085,2.4934921366246297,0.0
7.686720568295894,5.660947271220735,2.2097105791031297,0.0
8.327521109676212,6.139506698903483,2.220128474033652,1.0
9.20205138729104,6.757695429279297,2.134799719319006,0.0
8.665607094863335,5.2698953460784725,2.281376915434947,0.0
9.279372789140162,5.84581826875816,1.400632301109651,0.0
7.538903524939448,5.229513090290302,1.4450895331460065,0.0
7.738011211002457,5.00611402932662,2.0110438298466002,0.0
8.638006308094372,5.358119449354115,3.0742959649548,0.0
8.361184549574302,6.728730520653975,1.5348407260723267,0.0
8.604240582753778,5.227886134422998,2.629500044775872,0.0
8.121508762442625,6.391207689350971,1.1687290824363423,0.0
7.367090044890639,6.422304123042927,1.329416695288339,0.0
8.327536310231567,5.033287586235458,2.599749737404162,0.0
7.128474406156665,6.3905350311820985,2.4423878757011583,0.0
7.507307922248765,6.411554932416338,2.18416049051073,1.0
7.618981269498969,5.286844143692257,0.612214064487381,0.0
8.24723991948781,4.893517349150388,2.067418529971752,0.0
7.813713979916743,6.4802264619062,1.7864215790838391,0.0
7.767045236227075,6.517510737954028,2.236921804456379,0.0
8.223556021236467,6.3318222949446765,0.9141865386792307,0.0
8.535130407544012,6.433080837512165,1.281096465465604,0.0
7.827409041909748,5.972205550368452,1.9048964117017497,1.0
8.236074646327324,7.012129157797995,2.7649245887994383,0.0
7.0721209099215105,6.439869908518057,2.939697761988237,1.0
8.273514928000072,6.77143965679078,3.4228900777362874,0.0
8.723871962017649,6.176287798586362,2.7389891469652308,0.0
8.102451169294236,6.016902003997788,1.751512610921332,0.0
9.105500187827822,5.421283540394951,3.0835476093912964,0.0
8.353457311568688,5.010541114841339,2.259967308172674,0.0
6.515057015768034,6.442300960387774,2.6259531845413395,0.0
7.581141086882195,6.087361413610166,3.3817979729109293,1.0
7.642383075853637,5.251239264542393,3.047694239317236,0.0
9.387758711094179,6.002613234624653,2.715212371256778,0.0
8.948566716670319,5.474984364248019,1.656836952861978,0.0
8.870359715041403,7.191485022870946,2.398016873229403,0.0
7.377877304453439,7.405064386714755,1.6245468775444505,1.0
7.763021802301854,6.242069404224329,3.0989573725391546,0.0
8.603852203990481,6.293354208586257,2.327594461292461,0.0
8.03076951727888,6.394664235564203,0.2113309156435883,0.0
7.790266854341234,6.170640376628715,1.1861101362314268,0.0
8.27317183775504,5.85541701308322,3.241308770487073,0.0
9.112292914639625,5.670625723362088,1.8933416312925293,0.0
7.947711174906068,5.680628521620367,2.1379034887070865,0.0
7.46381360703742,5.200534229752176,2.4403233291408544,0.0
8.44514463796079,5.43126287212921,2.6331118966644365,0.0
7.553407104860794,6.179014856577363,2.5800708142240505,0.0
7.976232327564933,6.321550382657952,1.6348290968013441,0.0
7.86107714658144,5.854435400453308,1.4720893884743567,1.0
7.875001790522254,4.9049614994038695,1.652701854790635,1.0
7.798562606844443,5.818853559807826,1.829235518385541,1.0
7.956326115444342,6.339016348621029,2.6183769533825254,0.0
7.540546601916375,5.149208516024881,1.2631633298053515,0.0
7.655495510609172,5.75115404972784,1.4555305601048123,0.0
7.083507117500012,5.677473869852582,2.128287993370345,1.0
8.420749370298138,5.605842379157397,1.7079664393471021,0.0
7.344725341699961,5.977769149433116,1.4000703594108344,0.0
8.40526256322947,4.737201693259559,1.7457034198929668,0.0
8.212915041407518,6.129990633107792,3.9042623657642634,0.0
8.247345969431189,5.29002618589149,1.9324965835224484,0.0
6.744004172548131,5.943007370710324,1.4109404129862364,0.0
8.647278671280812,5.61141634529838,1.9174340291297236,0.0
7.550592740506662,7.229553582370886,1.7728470616709004,0.0
9.295813512355315,6.575692231908803,2.340872651883258,0.0
8.260733708916476,6.278456739981652,0.636929647237356,0.0
7.802799660835679,6.5976169325982985,1.9654244699845371,1.0
7.006380730470706,5.962944457632316,3.2049845664016603,0.0
8.881685587459927,5.956156544516524,2.6727762357628113,0.0
7.740840400545275,4.795180846683744,1.3463038308172697,0.0
9.105129246452439,5.806257633840298,1.827901537751758,0.0
7.787982378155289,7.346427894792499,3.1497265749832386,0.0
9.568914549033847,5.887538053210882,2.2090380806778773,0.0
6.927571768668505,7.044350348076094,1.1742551603674596,0.0
8.153283471132092,5.224089941697677,1.5836082735972643,0.0
7.407966057372023,5.570167281060589,1.6187826807117351,0.0
7.612315417195502,6.589256060012567,1.2187440267447829,0.0
8.155946338574063,6.86122717580348,1.6371153705722943,0.0
7.492354684010446,5.836994474304557,2.834191694768571,1.0
8.137254822127176,5.624374770019738,2.342152461312901,1.0
7.220561746001967,6.481793930260155,2.288928998118298,0.0
7.782346542751031,5.407030295311228,1.3730219071046252,1.0
8.37817296522632,6.869020447256066,1.5493553703732184,0.0
8.324128346487003,4.524249042626934,1.5866128382504034,0.0
7.978038017950568,5.356756687119196,1.3377899917618463,0.0
7.527808547283105,6.206611459612977,1.8675383807718329,0.0
6.417331517052382,4.500438541208398,1.570881517471211,0.0
8.323633288656588,4.057220694366108,1.646637403679634,0.0
7.627886572071646,6.981703057548659,1.727748466033104,0.0
8.270814108230061,6.099883881646863,0.4934619943595768,0.0
8.543204532236745,6.152308329652026,2.359400201778364,0.0
10.776269306771443,4.526309607721919,3.2195446965357997,0.0
7.796743909796757,6.203172216734269,1.967817982720466,0.0
7.700019611828527,5.597067272298986,2.23299786138388,1.0
6.927196190845594,6.530739619171994,1.7057061140137373,0.0
7.200920307153563,5.681792856490021,2.888938736206883,0.0
7.621460929763738,6.253464984176876,1.4831358606907252,1.0
8.535931679690444,6.48472717065441,3.3071638417852447,1.0
7.8758575436056395,6.472810346717282,2.0693442222222678,0.0
8.916319724503632,5.49170874418535,2.526798308755531,1.0
7.862328221637209,5.954612104694578,2.0648788039441577,0.0
8.178360894802486,5.91781365543764,2.1518251478300283,1.0
9.115897980015163,6.696818155216672,2.614585106253986,0.0
7.677884912050016,5.3712117802518105,2.6754995028012094,0.0
8.619458627634542,7.041335421278095,1.572921203671862,0.0
7.8376845891824445,4.840709631030318,1.7224810194845719,1.0
8.704681765961267,5.670137953955551,2.452887606399474,0.0
7.865293961911848,6.229142922146626,1.1884596355519284,0.0
8.060252179657304,3.884947471525091,1.8678444591859469,0.0
6.847081312825798,6.8527669007240455,2.5497100108840685,1.0
8.329986215931202,7.075513817451364,1.3290146933448117,0.0
9.235572366441902,6.659158976453414,1.832730152281952,0.0
8.803004706925124,5.21773235539105,1.4169804451994414,1.0
7.569662079736764,5.625956275531417,1.2529009260897515,0.0
8.864850330697546,5.816962298158514,2.249258653527099,1.0
7.596700681149873,4.712639060331533,2.1909593894279005,0.0
6.6478315395229615,5.951468400592695,1.0324551572417855,1.0
9.405216335145376,6.644430760970377,2.0747792229442505,0.0
8.893575561200338,5.4015642333074565,2.3842979540926743,1.0
8.141287312634327,6.186690389880462,2.8996897879919343,0.0
8.517950133041191,6.204158459872592,0.8298178717425515,1.0
7.321144754354869,5.913231680942293,2.0660242390265084,0.0
7.200825282160775,7.705312931330932,3.0722525194207697,0.0
8.42576194742618,6.050937753109131,1.8499455983542836,0.0
7.326892001781622,6.054787000054538,2.1822585690029968,0.0
7.121942676466833,6.2362984107464925,1.890215273735447,0.0
